Date,Actual,Prophet_Pred
2025-07-01,1582.57275390625,1544.8032189553421
2025-07-02,1586.2169189453125,1547.7173756774894
2025-07-03,1594.293212890625,1549.8423241671135
2025-07-04,1615.96142578125,1550.1924686506636
2025-07-07,1602.4681396484375,1558.8829467820965
2025-07-08,1613.9915771484375,1559.9829998246018
2025-07-09,1609.0670166015625,1563.8848436347644
2025-07-10,1591.43701171875,1567.01233713577
2025-07-11,1570.85205078125,1568.354366233532
2025-07-14,1546.623046875,1579.703120324419
2025-07-15,1561.6922607421875,1581.5045642050911
2025-07-16,1583.6561279296875,1585.9811240731024
2025-07-17,1559.6240234375,1589.5404007887753
2025-07-18,1562.1846923828125,1591.1586110996134
2025-07-21,1560.4119873046875,1602.3365063054594
2025-07-22,1547.2139892578125,1603.74753818513
2025-07-23,1550.7596435546875,1607.6776922720912
2025-07-24,1529.0914306640625,1610.5472686910564
2025-07-25,1492.84619140625,1611.3489494584644
2025-07-28,1493.1417236328125,1619.5276635834766
2025-07-29,1490.8763427734375,1619.8377529866452
2025-07-30,1496.0965576171875,1622.66077323757
2025-07-31,1486.247314453125,1624.4442085970861
2025-08-01,1447.4412841796875,1624.2072343885377
2025-08-04,1458.177001953125,1629.7942545895003
2025-08-05,1438.2816162109375,1629.481809444417
2025-08-06,1415.037353515625,1631.8276833284406
2025-08-07,1415.234375,1633.2880701123113
2025-08-08,1401.6424560546875,1632.8863377725331
2025-08-11,1406.66552734375,1638.9005583371802
2025-08-12,1402.62744140625,1639.0052096090028
2025-08-13,1405.0897216796875,1641.8785375780622
2025-08-14,1425.8714599609375,1643.9548725853742
2025-08-18,1414.1510009765625,1652.3856968147502
2025-08-19,1418.2877197265625,1653.137475485495
2025-08-20,1473.6402587890625,1656.5754162809085
2025-08-21,1473.8372802734375,1659.10576123592
2025-08-22,1465.0714111328125,1659.7010718201823
2025-08-25,1508.9989013671875,1667.7764214307028
2025-08-26,1506.53662109375,1668.1084203244666
2025-08-28,1477.4814453125,1672.6047734805757
2025-08-29,1447.4412841796875,1672.1519970739703
2025-09-01,1476.7921142578125,1675.9677696674946
2025-09-02,1476.1025390625,1674.5734030660863
2025-09-03,1456.798095703125,1675.5445324463906
2025-09-04,1440.94091796875,1675.3178668790522
2025-09-05,1422.8182373046875,1672.904177008569
2025-09-08,1411.2947998046875,1670.9205716643344
2025-09-09,1481.6181640625,1667.740611894486
2025-09-10,1509.491455078125,1667.057331842133
2025-09-11,1486.9366455078125,1665.338685945908
2025-09-12,1502.596923828125,1661.6234816187978
2025-09-15,1485.6563720703125,1657.096861913529
2025-09-16,1488.5126953125,1653.5718579875638
2025-09-17,1499.4453125,1652.805918368575
2025-09-18,1517.370849609375,1651.2652442795475
2025-09-19,1516.976806640625,1647.9812701633596
2025-09-22,1476.8905029296875,1646.1141451599744
2025-09-23,1474.920654296875,1643.8555749484467
2025-09-24,1472.0643310546875,1644.498148181504
2025-09-25,1462.4122314453125,1644.474560987381
2025-09-26,1427.053466796875,1642.7806117291482
2025-09-29,1420.060546875,1645.7502998093878
2025-09-30,1420.060546875,1645.0037465559494
2025-10-01,1424.000244140625,1647.0504694116762
2025-10-03,1424.7880859375,1647.69768520739
2025-10-06,1453.744873046875,1652.7604809016293
2025-10-07,1436.5086669921875,1652.2652579630474
2025-10-08,1472.4583740234375,1654.3311192042547
2025-10-09,1486.5428466796875,1655.3627558807946
2025-10-10,1492.058349609375,1654.336923800713
2025-10-13,1470.6854248046875,1656.9390881571542
2025-10-14,1467.435302734375,1655.3102749738896
2025-10-15,1452.1690673828125,1656.1330424001114
2025-10-16,1449.312744140625,1655.8446560207135
2025-10-17,1419.37109375,1653.4562597198033
2025-10-20,1438.87255859375,1652.0699040683674
2025-10-21,1450.19921875,1649.2606731628048
2025-10-23,1505.4532470703125,1647.8492655286404
2025-10-24,1502.4000244140625,1644.7495149992149
2025-10-27,1504.5,1642.5161741599723
2025-10-28,1500.199951171875,1639.8935666397924
2025-10-29,1510.4000244140625,1640.0931456158933
2025-10-30,1493.800048828125,1639.577569696998
2025-10-31,1482.300048828125,1637.3748454746324
2025-11-03,1485.5,1639.0576356311135
2025-11-04,1467.9000244140625,1638.0758612071318
2025-11-06,1466.699951171875,1641.3776266403574
2025-11-07,1476.800048828125,1641.087552892227
2025-11-10,1513.5,1648.514849688269
2025-11-11,1530.300048828125,1649.3369281484433
2025-11-12,1551.699951171875,1652.9944931012492
2025-11-13,1541.800048828125,1655.889897415838
2025-11-14,1502.800048828125,1656.9919527031489
2025-11-17,1507.5999755859375,1667.4013606921003
2025-11-18,1486.4000244140625,1668.770400992032
2025-11-19,1541.0999755859375,1672.7379316183515
2025-11-20,1536.5,1675.7050921119508
2025-11-21,1545.0,1676.6440368140688
2025-11-24,1548.0,1685.253144207279
2025-11-25,1530.5999755859375,1685.6374639336734
2025-11-26,1557.9000244140625,1688.4626190509246
2025-11-27,1566.4000244140625,1690.1546403404639
2025-11-28,1560.0999755859375,1689.712555558589
2025-12-01,1564.0,1693.8293498441462
2025-12-02,1561.0,1692.6967641378603
2025-12-03,1578.699951171875,1694.0424421739363
2025-12-04,1597.5999755859375,1694.31872855189
2025-12-05,1616.199951171875,1692.5489085446818
2025-12-08,1610.800048828125,1693.4129908942878
2025-12-09,1599.0,1691.4913203645028
2025-12-10,1584.800048828125,1692.2124870920547
2025-12-11,1598.0,1692.0334068093152
2025-12-12,1598.199951171875,1689.9781139647253
2025-12-15,1606.800048828125,1690.9570261173803
2025-12-16,1592.9000244140625,1689.3640850111158
2025-12-17,1602.0,1690.5348908178917
2025-12-18,1626.800048828125,1690.907914511638
2025-12-19,1638.699951171875,1689.4867677682553
2025-12-22,1689.5999755859375,1692.6366052111512
2025-12-23,1668.300048828125,1691.7792622864752
2025-12-24,1663.4000244140625,1693.653208432963
2025-12-26,1656.0999755859375,1693.828310896214
2025-12-29,1644.699951171875,1698.0824628592045
2025-12-30,1621.5999755859375,1697.3427604158762
